"Song","Artist","Genre"
"1","Stuck In A Moment You Can't Get Out Of","U2","Rock"
"2","Stay Gold","First Aid Kit","Alternative"
"3","1979","The Smashing Pumpkins","Alternative"
"4","Like Flames","Berlin","Rock"
"5","Lay Lady Lay","Bob Dylan","Rock"
"6","Can't Help Falling In Love","Elvis Presley","Rock"
"7","I'll Stand By You","The Pretenders","Rock"
"8","Little Jeannie","Elton John","Pop Rock"
"9","Winter Wonderland","Faith Hill","Holidays"
"10","It Ain't Over 'Til It's Over","Lenny Kravitz","Rock"
"11","Cool Change","Little River Band","Rock"
"12","Solitude","Black Sabbath","Rock"
"13","The Rain","The Swell Season","Alternative"
"14","Nobody's Born With A Broken Heart","Grace Potter","Rock"
"15","Heaven Is Close","A Thousand Horses","Country"
"16","Crazy One More Time","Kip Moore","Country"
"17","Do You Still Love Me","Ryan Adams","Rock"
"18","San Francisco","Stu Larsen","Pop Rock"
"19","The Lovers Side","Shake Shake Go","Alternative"
"20","Other Side Of The World","Kt Tunstall","Pop Rock"
"21","High Hopes","Kodaline","Alternative"
"22","How Long","Paul Carrack","Pop Rock"
"23","Every Breath You Take","The Police","Rock"
"24","'74-'75","The Connells","Rock"
"25","Learn To Be Still","Eagles","Rock"
"26","Sometimes","Reamonn","Pop"
"27","Red","Daniel Merriweather","Pop"
"28","Here Is Gone","Goo Goo Dolls","Pop Rock"
"29","When The Night Comes","Joe Cocker","Rock"
"30","One","Bee Gees","Pop"
"31","Torn","Natalie Imbruglia","Pop"
"32","In A Broken Dream","Python Lee Jackson","Rock"
"33","Melissa","The Allman Brothers Band","Rock"
"34","Lonelily","Damien Rice","Alternative"
"35","Kokomo","The Beach Boys","Pop Rock"
"36","Dirty Laundry","Don Henley","Rock"
"37","Spectrum","Florence And The Machine","Alternative"
"38","King Without A Castle","Chris Isaak","Pop Rock"
"39","New Shoes","Paolo Nutini","Pop Rock"
"40","Speed Of Sound","Coldplay","Alternative"
"41","If You Ever Want To Be In Love","James Bay","Alternative"
"42","Therapy","Alibis","Alternative"
"43","Everywhere","Michelle Branch","Pop"
"44","Vertigo","U2","Rock"
"45","All I Wanna Do","Sheryl Crow","Pop Rock"
"46","Rhythm Of My Heart","Rod Stewart","Pop Rock"
"47","Gypsy Girl","Steven Tyler","Country"
"48","I Will Carry On","Ian Moore","Rock"
"49","Chill In The Air","Amos Lee","Pop Rock"
"50","Steal My Kisses","Ben Harper","Rock"
"51","I Never Told You","Colbie Caillat","Country"
"52","Skinny Love","Birdy","Alternative"
"53","Mariners Apartment Complex","Lana Del Rey","Alternative"
"54","Drive All Night","Glen Hansard","Alternative"
"55","Good Grief","Bastille","Alternative"
"56","Lost","The Temper Trap","Alternative"
"57","Secret Garden","Bruce Springsteen","Rock"
"58","Eyes Of Blue","Paul Carrack","Pop Rock"
"59","No Country","The Jezabels","Alternative"
"60","Runaway Train","Soul Asylum","Pop Rock"
"61","29 Palms","Robert Plant","Rock"
"62","Caribbean Queen (No More Love On The Run)","Billy Ocean","Pop"
"63","Like A Prayer","Madonna","Pop"
"64","Shooting Star","Bad Company","Rock"
"65","Epitaph","King Crimson","Rock"
"66","Sara Smile","Hall & Oates","Pop Rock"
"67","Africa","Toto","Rock"
"68","Starman","David Bowie","Alternative"
"69","I'll Be Alright","The Last Internationale","Rock"
"70","California (Cast Iron Soul)","Jamestown Revival","Country"
"71","Jaded","Aerosmith","Rock"
"72","Not Gonna Let You Walk Away","Lolo","Alternative"
"73","Fly On The Window","Moody And The Mellow","Rock"
"74","Lay Your Head Down","Carolina Story","Country"
"75","Take Your Mama","Scissor Sisters","Pop"
"76","You Give Me Something","James Morrison","Pop"
"77","Heaven Crashed Down","Shannon Labrie","Pop Rock"
"78","How Will I Know","Whitney Houston","Pop"
"79","To The Moon And Back","Savage Garden","Pop"
"80","Never Let Her Go","David Gates","Pop"
"81","Lily Was Here","David A. Stewart","Pop"
"82","Hands","Jewel","Pop"
"83","Downtown Train","Rod Stewart","Pop Rock"
"84","Can't Cry Anymore","Sheryl Crow","Pop Rock"
"85","For Your Babies","Simply Red","Pop"
"86","Dreamers","Mighty Oaks","Alternative"
"87","Rain Fall Down","The Rolling Stones","Rock"
"88","I Run To You","Lady Antebellum","Country"
"89","Closing Time","Semisonic","Rock"
"90","Outta Reach","Lindon Puffin","Alternative"
"91","Boat On The River","Styx","Rock"
"92","Addicted To Love","Robert Palmer","Rock"
"93","Don't Get Me Wrong","The Pretenders","Rock"
"94","Takin' Care Of Business","Bachman-Turner Overdrive","Rock"
"95","Can't Get Enough","Bad Company","Rock"
"96","Suspicious Minds","Elvis Presley","Rock"
"97","Listen To The Music","The Doobie Brothers","Rock"
"98","Sweet Emotion","Aerosmith","Rock"
"99","Lady In Red","Chris De Burgh","Pop Rock"
"100","Lady","Little River Band","Rock"
"101","Stuck In The Middle With You","Stealers Wheel","Rock"
"102","Get It On","T. Rex","Rock"
"103","I'm On Fire","Bruce Springsteen","Rock"
"104","This Kiss","Faith Hill","Country"
"105","With Or Without You","U2","Rock"
"106","Fly Like An Eagle","Steve Miller Band","Rock"
"107","What Can I Say","Brandi Carlile","Country"
"108","Renegade","Dylan Leblanc","Country"
"109","Out Of The Rain","Jessi Colter","Country"
"110","Toi Et Moi","Guillaume Grand","Pop"
"111","The World And You Tonight","Simply Red","Pop"
"112","Jingle Bells","Frank Sinatra","Holidays"
"113","Million Faces","Paolo Nutini","Pop Rock"
"114","Born This Way","Lady Gaga","Pop"
"115","Miss You So Much","Miley Cyrus","Pop"
"116","Who Cares","Gnarls Barkley","Alternative"
"117","June, After Dark","Elliot Root","Alternative"
"118","Midnight River","Vaults","Alternative"
"119","Always","Bon Jovi","Rock"
"120","Simple Twist Of Fate","Bob Dylan","Rock"
"121","Sober","Pink","Pop"
"122","Courthouse","Chris Isaak","Pop Rock"
"123","Coming Back To Life","Pink Floyd","Rock"
"124","Cose Della Vita - Can't Stop Thinking Of You","Eros Ramazzotti","Pop"
"125","I'm Not The Only One","Sam Smith","Pop"
"126","Do You Feel","La Roux","Pop"
"127","Wait","Kaiser Chiefs","Alternative"
"128","Missed Connection","The Head And The Heart","Alternative"
"129","Sand In My Shoes","Dido","Pop"
"130","Put Your Hands Up","Nerina Pallot","Pop"
"131","Sweet Hurt","Jack Savoretti","Pop Rock"
"132","(I Just) Died In Your Arms","Cutting Crew","Pop Rock"
"133","That's The Way (I Like It)","Kc And The Sunshine Band","Pop"
"134","Stars","Simply Red","Pop"
"135","Under Pressure","Queen","Rock"
"136","Bold As Love","The Jimi Hendrix Experience","Rock"
"137","I Get Around","The Beach Boys","Pop Rock"
"138","Yellow","Coldplay","Alternative"
"139","The Road To Hell (Part 2)","Chris Rea","Rock"
"140","Waiting For You","Grizfolk","Alternative"
"141","Radioactive","Kings Of Leon","Alternative"
"142","You Get What You Give","New Radicals","Alternative"
"143","Brighter Than The Sun","Colbie Caillat","Country"
"144","Roll On","Kid Rock","Rock"
"145","The Sapling","David Gray","Pop Rock"
"146","I'll Be Waiting","Lenny Kravitz","Rock"
"147","This Too Shall Light","Amy Helm","Country"
"148","Black Dog","Frankie Lee","Alternative"
"149","The Way It's Always Been","Brandon Flowers","Alternative"
"150","People Help The People","Birdy","Alternative"
"151","Learning To Fly","Tom Petty","Rock"
"152","Baby Jane","Rod Stewart","Pop Rock"
"153","Money","Pink Floyd","Rock"
"154","Bitter Sweet Symphony","The Verve","Rock"
"155","Slave To Love","Bryan Ferry","Rock"
"156","Strong Enough","Sheryl Crow","Pop Rock"
"157","Waiting For My Real Life To Begin","Colin Hay","Rock"
"158","Automatic","Miranda Lambert","Country"
"159","When She Was Mine","Lawson","Pop"
"160","My Love Is Your Love","Whitney Houston","Pop"
"161","Something Got Me Started","Simply Red","Pop"
"162","All Right","Great White","Rock"
"163","Every Morning","Sugar Ray","Pop Rock"
"164","So Far Gone","James Blunt","Pop"
"165","Back In Black","Ac/Dc","Rock"
"166","Summer Of '69","Bryan Adams","Rock"
"167","Soulshine","The Allman Brothers Band","Rock"
"168","Devil Woman","Cliff Richard","Pop Rock"
"169","Give It Up","Kc And The Sunshine Band","Pop"
"170","Emmylou","First Aid Kit","Alternative"
"171","Alcoholic","Starsailor","Alternative"
"172","I Belong To You","Lenny Kravitz","Rock"
"173","How Come","Ray Lamontagne","Rock"
"174","Hello Sunshine","Bruce Springsteen","Rock"
"175","Need You Now","Lady Antebellum","Country"
"176","Break It Down Again","Tears For Fears","Pop Rock"
"177","Otherside","Red Hot Chili Peppers","Alternative"
"178","Brand New Day","Kodaline","Alternative"
"179","It's The Most Wonderful Time Of The Year","Andy Williams","Holidays"
"180","Forever Young","Rod Stewart","Pop Rock"
"181","The Living Years","Mike And The Mechanics","Rock"
"182","Take It Back","Pink Floyd","Rock"
"183","A Little Less Conversation","Elvis Presley","Rock"
"184","Get Back","The Beatles","Rock"
"185","Miss You","The Rolling Stones","Rock"
"186","You Learn","Alanis Morissette","Alternative"
"187","Sometimes","James","Rock"
"188","Holiday Road","Lindsey Buckingham","Rock"
"189","Ready For Love","Bad Company","Rock"
"190","Tuesday's Gone","Lynyrd Skynyrd","Rock"
"191","Long Train Runnin'","The Doobie Brothers","Rock"
"192","Another One Bites The Dust","Queen","Rock"
"193","Midnight Train To Georgia","Gladys Knight & The Pips","Pop"
"194","Young Turks","Rod Stewart","Pop Rock"
"195","Upside Down","Diana Ross","Pop"
"196","Have You Ever","Brandi Carlile","Country"
"197","Searching For A Heart","Don Henley","Rock"
"198","Candy Everybody Wants","10,000 Maniacs","Rock"
"199","Dream On","Aerosmith","Rock"
"200","Yesterday","The Beatles","Rock"
"201","Desire","Ryan Adams","Rock"
"202","Fragile","Sting","Pop Rock"
"203","One Love / People Get Ready","Bob Marley & The Wailers","Pop Rock"
"204","I Don't Want To Wait","Paula Cole","Rock"
"205","High Places","Kane","Pop Rock"
"206","Your Girl","Grace Potter","Rock"
"207","The Getaway","Red Hot Chili Peppers","Alternative"
"208","Recurring Dream","Crowded House","Rock"
"209","Blessed","Elton John","Pop Rock"
"210","The Man Who Would Speak True","Blitzen Trapper","Alternative"
"211","The Best And The Worst","Leona Lewis","Pop"
"212","Jingle Bell Rock","Bobby Helms","Holidays"
"213","Gimme Your Hand","Ryan Culwell","Country"
"214","Zombie","The Cranberries","Alternative"
"215","Night Moves","Bob Seger","Rock"
"216","Shattered","The Rolling Stones","Rock"
"217","Iridescent","Linkin Park","Rock"
"218","She's So High","Tal Bachman","Pop Rock"
"219","Lovin' Each Day","Ronan Keating","Pop Rock"
"220","Learning To Fly","Pink Floyd","Rock"
"221","Wonderwall","Oasis","Alternative"
"222","Worried Mind","Animal Years","Country"
"223","Children Of Children","Jason Isbell","Country"
"224","The Architect's Hand","Ahi","Alternative"
"225","Open The Door (To Your Heart)","Van Morrison","Rock"
"226","Snow (Hey Oh)","Red Hot Chili Peppers","Alternative"
"227","Find A Home Out There","Alberta Cross","Alternative"
"228","Bordertown","Dan Griffin","Pop Rock"
"229","That's How Strong My Love Is","Roland Gift","Rock"
"230","If The Creek Don't Rise","Dylan Leblanc","Country"
"231","The Driver","Charles Kelley","Country"
"232","Running","James Bay","Alternative"
"233","You Don't Love Me Like You Used To","The Lone Bellow","Alternative"
"234","Cold Hands (Warm Heart)","Brendan Benson","Alternative"
"235","Thinking Out Loud","Ed Sheeran","Pop"
"236","Broken Glass","Jack Savoretti","Pop Rock"
"237","Everywhere I Go","Shawn Mullins","Pop Rock"
"238","Someone Like You","Adele","Pop"
"239","You Make It Real","James Morrison","Pop"
"240","Breakfast At Tiffany's","Deep Blue Something","Alternative"
"241","You're The World To Me","David Gray","Pop Rock"
"242","Just A Ride","Jem","Pop"
"243","One Last Mistake","Lp","Alternative"
"244","A Change Would Do You Good","Sheryl Crow","Pop Rock"
"245","In My Place","Coldplay","Alternative"
"246","Southern Girl","Amos Lee","Pop Rock"
"247","Everything","Snowgoose","Alternative"
"248","The Story","Brandi Carlile","Country"
"249","Ugly","Jon Bon Jovi","Rock"
"250","You Don't Know How It Feels","Tom Petty","Rock"
"251","England Skies","Shake Shake Go","Alternative"
"252","Rudolph The Red-Nosed Reindeer","Ella Fitzgerald","Holidays"
"253","Only Fooling Myself","Kate Voegele","Pop"
"254","I Love You Always Forever","Donna Lewis","Pop"
"255","I Thought I Knew What Love Was","Tom Odell","Pop Rock"
"256","Caravane","Raphael","Pop"
"257","Someday We'll Know","New Radicals","Alternative"
"258","Holes","Passenger","Pop Rock"
"259","Wait For Me","Kings Of Leon","Alternative"
"260","Hotel California","Eagles","Rock"
"261","Piano Man","Billy Joel","Rock"
"262","The House Of The Rising Sun","The Animals","Rock"
"263","It's A Hard Life","Queen","Rock"
"264","Wild World","Cat Stevens","Rock"
"265","Solsbury Hill","Peter Gabriel","Rock"
"266","All Along The Watchtower","Bob Dylan","Rock"
"267","Sunshine","Steve Azar","Country"
"268","New Level Of Life","Caylee Hammack","Country"
"269","I Am A Man Of Constant Sorrow","Blitzen Trapper","Alternative"
"270","Called Out In The Dark","Snow Patrol","Alternative"
"271","Trying To Make A Living","Firehouse","Rock"
"272","Til Kingdom Come","Coldplay","Alternative"
"273","Rock & Roll Is Cold","Matthew E. White","Alternative"
"274","The Traveller","Chris De Burgh","Pop Rock"
"275","Rhiannon","Fleetwood Mac","Rock"
"276","Self Control","Laura Branigan","Pop"
"277","Sweet Love","Commodores","Pop"
"278","Endless Summer Nights","Richard Marx","Pop"
"279","Sacrifice","Elton John","Pop Rock"
"280","Where Do Broken Hearts Go","Whitney Houston","Pop"
"281","Rapture","Blondie","Rock"
"282","You Can't Always Get What You Want","The Rolling Stones","Rock"
"283","Knockin' On Heaven's Door","Bob Dylan","Rock"
"284","Rockin Here Tonight","Slim Dunlap","Alternative"
"285","I Wish I Were Blind","Bruce Springsteen","Rock"
"286","Silver Bells","Kenny Rogers","Holidays"
"287","Could You Be Loved","Bob Marley & The Wailers","Pop Rock"
"288","The Only Thing That Looks Good On Me Is You","Bryan Adams","Rock"
"289","Modern Blue","Rosanne Cash","Country"
"290","Damn, Do I Think About You","Steve Moakler","Country"
"291","Babylon","David Gray","Pop Rock"
"292","Hands Clean","Alanis Morissette","Alternative"
"293","Riptide","Vance Joy","Alternative"
"294","Bette Davis Eyes","Kim Carnes","Country"
"295","Sweetest Thing","U2","Rock"
"296","The One","Kodaline","Alternative"
"297","Way Down We Go","Kaleo","Alternative"
"298","Far Celestial Shore","Mavis Staples","Pop Rock"
"299","Sleepwalker","Of Monsters And Men","Alternative"
"300","Lost Prayer","Zakk Wylde","Rock"
"301","Walk It Back","R.e.m.","Alternative"
"302","Lay Your Head","Junius Meyvant","Alternative"
"303","I Don't Feel Amazing Now","Guillemots","Alternative"
"304","Don't Tell Me","Madonna","Pop"
"305","Kiss","Prince","Pop"
"306","Hold On","Jamie Walters","Pop"
"307","Midnight Ferry","Kid Rock","Rock"
"308","Jack In A Box","Jack Savoretti","Pop Rock"
"309","You Heard What You Wanted","Dead Professional","Rock"
"310","Flowers In Your Hair","The Lumineers","Alternative"
"311","The Way","Fastball","Alternative"
"312","Call Me","Imelda May","Alternative"
"313","Hero","Lissie","Alternative"
"314","Such A Simple Thing","Ray Lamontagne","Rock"
"315","Sunday's Best Clothes","Opshop","Rock"
"316","Dark Night Of The Soul","Van Morrison","Rock"
"317","Painted Blue","Sundy Best","Country"
"318","Old Time Rock And Roll","Bob Seger","Rock"
"319","All She Wants To Do Is Dance","Don Henley","Rock"
"320","Solitary Man","Neil Diamond","Pop Rock"
"321","I Heard It Through The Grapevine","Marvin Gaye","Pop"
"322","Don't Go Breaking My Heart","Elton John","Pop Rock"
"323","Mama Kin","Aerosmith","Rock"
"324","Dying Day","Brandi Carlile","Country"
"325","A Hundred Orchards","John Mark Nelson","Alternative"
"326","New Moon","Steve Gunn","Alternative"
"327","Wash It All Away","Colin Hay","Rock"
"328","Bullet","Grand Avenue","Alternative"
"329","Baby, It's Cold Outside Feat. Louis Jordan","Ella Fitzgerald","Holidays"
"330","Please And Change","Imany","Pop"
"331","Last Friday Night (T.g.i.f.)","Katy Perry","Pop"
"332","Down By The River","Jon Allen","Pop Rock"
"333","Save Tonight","Eagle-Eye Cherry","Pop Rock"
"334","Slip Away","Gabrielle Aplin","Pop Rock"
"335","Solitary Gun","Rogue Wave","Alternative"
"336","Chasing Pavements","Adele","Pop"
"337","Just Give Me A Reason","Pink","Pop"
"338","Fast Car","Tracy Chapman","Pop Rock"
"339","Sail Away","David Gray","Pop Rock"
"340","I Got You Babe","Cher","Pop"
"341","Shake Your Body (Down To The Ground)","The Jacksons","Pop"
"342","Mad About You","Sting","Pop Rock"
"343","Breathe","Faith Hill","Country"
"344","In The End","Carolina Story","Country"
"345","Colder Weather","Zac Brown Band","Country"
"346","Change The World","Eric Clapton","Rock"
"347","Rain From Heaven","Eric Paslay","Country"
"348","Santa Claus Is Coming To Town","Burl Ives","Holidays"
"349","Waves","Blondfire","Alternative"
"350","Wonderful World","James Morrison","Pop"
"351","Just Hold Me","Maria Mena","Pop"
"352","Rise","Gabrielle","Pop"
"353","Only Happy When It Rains","Garbage","Alternative"
"354","How Come The World Won't Stop","Anastacia","Pop Rock"
"355","Now That You're Gone","Sheryl Crow","Pop Rock"
"356","Shine","Mondo Cozmo","Alternative"
"357","Bullets","Passenger","Pop Rock"
"358","Journeyman","Jamestown Revival","Country"
"359","These Days","Sundy Best","Country"
"360","White Liar","Miranda Lambert","Country"
"361","Sing","Travis","Alternative"
"362","Sometime Around Midnight","The Airborne Toxic Event","Alternative"
"363","Doom And Gloom","The Rolling Stones","Rock"
"364","You've Got The Love","Florence And The Machine","Alternative"
"365","Peacekeeper","Fleetwood Mac","Rock"
"366","December, 1963 (Oh, What A Night)","The Four Seasons","Pop"
"367","The Way You Make Me Feel","Michael Jackson","Pop"
"368","Romeo And Juliet","Dire Straits","Rock"
"369","Brown Eyed Girl","Van Morrison","Rock"
"370","Move It","Cliff Richard","Pop Rock"
"371","Jack & Diane","John Mellencamp","Rock"
"372","Baker Street","Gerry Rafferty","Rock"
"373","Shape Of My Heart","Sting","Pop Rock"
"374","Jamming","Bob Marley & The Wailers","Pop Rock"
"375","Babe I'm Gonna Leave You","Led Zeppelin","Rock"
"376","Nightshift","Commodores","Pop"
"377","How Deep Is Your Love","Bee Gees","Pop"
"378","Winter Wonderland","Johnny Mathis","Holidays"
"379","I Will Always Love You","Whitney Houston","Pop"
"380","There She Goes","Sixpence None The Richer","Pop Rock"
"381","Please Don't Stop The Rain","James Morrison","Pop"
"382","You'll Be Mine","The Pierces","Pop"
"383","Never Let Me Go","Florence And The Machine","Alternative"
"384","Where Do We Belong","Frankie Lee","Alternative"
"385","Wings","Birdy","Alternative"
"386","State Of Shock","The Jacksons","Pop"
"387","J'ai Laisse","Christophe Mae","Pop"
"388","Lonely Night In Georgia","Johnnyswim","Pop Rock"
"389","The Winner Takes It All","Abba","Pop"
"390","I Heard It Through The Grapevine","Gladys Knight & The Pips","Pop"
"391","Right Where I Need To Be","Gary Allan","Country"
"392","The Simple Things","Joe Cocker","Rock"
"393","Everybody Wants To Rule The World","Tears For Fears","Pop Rock"
"394","Jingle Bell Rock","Brenda Lee","Holidays"
"395","The Sea","Matt Sorum's Fierce Joy","Rock"
"396","Over You","Miranda Lambert","Country"
"397","Lullaby","Shawn Mullins","Pop Rock"
"398","Name","Goo Goo Dolls","Pop Rock"
"399","All Good Things (Come To An End)","Nelly Furtado","Pop"
"400","Life Is A Rollercoaster","Ronan Keating","Pop Rock"
"401","Damn I Wish I Was Your Lover","Sophie B. Hawkins","Pop"
"402","Last Request","Paolo Nutini","Pop Rock"
"403","Black Jeans","Lucie Silvas","Pop"
"404","Wish I","Jem","Pop"
"405","Dust In The Wind","Kansas","Rock"
"406","High Hopes","Pink Floyd","Rock"
"407","Brown Sugar","The Rolling Stones","Rock"
"408","That's All","Genesis","Rock"
"409","So Far Away","Dire Straits","Rock"
"410","Take It Easy","Eagles","Rock"
"411","Highway To Hell","Ac/Dc","Rock"
"412","Someday","Michael Learns To Rock","Pop Rock"
"413","I Don't Wanna Go On With You Like That","Elton John","Pop Rock"
"414","You're My Best Friend","Queen","Rock"
"415","Again","Lenny Kravitz","Rock"
"416","Mango Tree","Angus & Julia Stone","Pop Rock"
"417","Shake It Out","Florence And The Machine","Alternative"
"418","Still The Same","Bob Seger","Rock"
"419","My Heart Can't Tell You No","Rod Stewart","Pop Rock"
"420","I Have Nothing","Whitney Houston","Pop"
"421","Lost Without You","Beverley Craven","Pop"
"422","This Year's Love","David Gray","Pop Rock"
"423","Shelter From The Storm","Bob Dylan","Rock"
"424","Red Red Wine","Neil Diamond","Pop Rock"
"425","Jealous Guy","Roxy Music","Pop Rock"
"426","Let It Snow, Let It Snow, Let It Snow","Dean Martin","Holidays"
"427","The Temple Of The King","Rainbow","Rock"
"428","Anybody Seen My Baby","The Rolling Stones","Rock"
"429","Clocks","Coldplay","Alternative"
"430","My Mistakes Were Made For You","The Last Shadow Puppets","Alternative"
"431","You're The One","Greta Van Fleet","Rock"
"432","Society","Eddie Vedder","Rock"
"433","Pyro","Kings Of Leon","Alternative"
"434","Piano In The Dark","Brenda Russell","Pop"
"435","You Are The Best Thing","Ray Lamontagne","Rock"
"436","Setting The World On Fire","Kenny Chesney","Country"
"437","Heaven","Bryan Adams","Rock"
"438","I Guess That's Why They Call It The Blues","Elton John","Pop Rock"
"439","Seagull","Bad Company","Rock"
"440","In The Mood","Robert Plant","Rock"
"441","I Can't Dance","Genesis","Rock"
"442","Flame Turns Blue","David Gray","Pop Rock"
"443","She's Not There","Santana","Rock"
"444","All Right Now","Free","Rock"
"445","Don't Rush","Kelly Clarkson","Pop"
"446","Shape Of A Broken Heart","Imany","Pop"
"447","Candy","Paolo Nutini","Pop Rock"
"448","Hold On You","Ponderosa","Alternative"
"449","Iris","Goo Goo Dolls","Pop Rock"
"450","We Are The People","Empire Of The Sun","Pop"
"451","Out Of My Heart (Into Your Head)","Bbmak","Pop"
"452","Please Don't Go","Kc And The Sunshine Band","Pop"
"453","For Once In My Life","Stevie Wonder","Pop"
"454","You're So Vain","Carly Simon","Pop"
"455","S.o.s.","Abba","Pop"
"456","I'll Be Your Shelter","Taylor Dayne","Pop"
"457","Wanna Be Startin' Somethin'","Michael Jackson","Pop"
"458","Jolene","Ray Lamontagne","Rock"
"459","Better Be Good To Me","Tina Turner","Pop"
"460","Too Much Attention","Gilbert O'sullivan","Pop Rock"
"461","Magic","Coldplay","Alternative"
"462","Astronaut","City And Colour","Alternative"
"463","First Time","Vance Joy","Alternative"
"464","Styggo","The Dandy Warhols","Alternative"
"465","I Feel It","Avid Dancer","Alternative"
"466","Desert Days","Elenowen","Pop Rock"
"467","Keeping Time","Angie Mcmahon","Alternative"
"468","Wish You Were Here","Pink Floyd","Rock"
"469","The Man Who Sold The World","David Bowie","Alternative"
"470","Rocket Man (I Think It's Going To Be A Long, Long Time)","Elton John","Pop Rock"
"471","The River Of Dreams","Billy Joel","Rock"
"472","Need You Tonight","Inxs","Rock"
"473","Kiss You All Over","Exile","Country"
"474","Sweet Child O' Mine","Guns N' Roses","Rock"
"475","Big Me","Foo Fighters","Alternative"
"476","Western Stars","Bruce Springsteen","Rock"
"477","Me And Bobby Mcgee","Crystal Bowersox","Country"
"478","Dirt Road Anthem","Jason Aldean","Country"
"479","Have You Ever Really Loved A Woman","Bryan Adams","Rock"
"480","Your Side Of The Bed","Little Big Town","Country"
"481","Lonely Without You","Carolina Story","Country"
"482","Lovers In Japan","Coldplay","Alternative"
"483","Leave Out All The Rest","Linkin Park","Rock"
"484","Linger","The Cranberries","Alternative"
"485","Faithfully","Journey","Rock"
"486","Love Me Do","The Beatles","Rock"
"487","Deck The Hall","Nat King Cole","Holidays"
"488","Let It Go","Fossil Collective","Alternative"
"489","If You Tolerate This Your Children Will Be Next","Manic Street Preachers","Alternative"
"490","Automobile","Kaleo","Alternative"
"491","Soon, We'll Dance","Jessica Martindale","Pop Rock"
"492","Chemical Sweat","Elliot Root","Alternative"
"493","Out Of Reach","Gabrielle","Pop"
"494","Always Somewhere Close","Lifehouse","Pop Rock"
"495","Show Up","Catey Shaw","Pop"
"496","Cowboys And Kisses","Anastacia","Pop Rock"
"497","Don't Let The Sun Go Down On Me","Elton John","Pop Rock"
"498","Think Twice","Celine Dion","Pop"
"499","Brother","Needtobreathe","Alternative"
"500","Blue Moon","Beck","Alternative"
"501","Human Touch","Bruce Springsteen","Rock"
"502","I Want To Know What Love Is","Foreigner","Rock"
"503","I Shot The Sheriff","Eric Clapton","Rock"
"504","Suicide Blonde","Inxs","Rock"
"505","Slide","Goo Goo Dolls","Pop Rock"
"506","I Could Get Used To This","Bryan Adams","Rock"
"507","Ordinary Love","U2","Rock"
"508","Saint Of Me","The Rolling Stones","Rock"
"509","Freezing","Mozella","Pop"
"510","I Believe","Blessid Union Of Souls","Pop"
"511","Greatest Love Of All","Whitney Houston","Pop"
"512","Shake It Off","Taylor Swift","Pop"
"513","Feel","Robbie Williams","Pop"
"514","Domino","Jessie J","Pop"
"515","Frosty The Snowman","Martina Mcbride","Holidays"
"516","Never Really Over","Katy Perry","Pop"
"517","What's Love Got To Do With It","Tina Turner","Pop"
"518","Haven't Got Time For The Pain","Carly Simon","Pop"
"519","A Horse With No Name","America","Pop Rock"
"520","Remember Me","Diana Ross","Pop"
"521","Blame It On The Boogie","The Jacksons","Pop"
"522","Ode To My Family","The Cranberries","Alternative"
"523","Eyes Without A Face","Billy Idol","Rock"
"524","Desperate Man","Eric Church","Country"
"525","Supernova","Ray Lamontagne","Rock"
"526","Tell Me It's Not Over","Starsailor","Alternative"
"527","Cautionary Tale","Dylan Leblanc","Country"
"528","Hard Road","Steve Azar","Country"
"529","Good Day","Brett Eldredge","Country"
"530","Colorful","The Verve Pipe","Rock"
"531","Your Children's Children","Carolina Story","Country"
"532","Living Next Door To Alice","Smokie","Pop Rock"
"533","Who'll Stop The Rain","Creedence Clearwater Revival","Rock"
"534","Jumpin' Jack Flash","The Rolling Stones","Rock"
"535","Don't You (Forget About Me)","Simple Minds","Rock"
"536","Livin' On A Prayer","Bon Jovi","Rock"
"537","Frosty The Snowman","Ella Fitzgerald","Holidays"
"538","Old Man Chicago","Alberta Cross","Alternative"
"539","Cherry Lips (Go Baby Go)","Garbage","Alternative"
"540","Before It Breaks","Brandi Carlile","Country"
"541","Find My Way","Grant-Lee Phillips","Country"
"542","Dirt Road","Kip Moore","Country"
"543","Never Say Never","The Fray","Rock"
"544","Cross The Line","John The Martyr","Rock"
"545","Smoking Jacket","Miranda Lambert","Country"
"546","Let It All Go","Birdy","Alternative"
"547","Only The Young","Brandon Flowers","Alternative"
"548","What Kind Of Man","Florence And The Machine","Alternative"
"549","Somebody's Love","Passenger","Pop Rock"
"550","A Trick Of The Light","Villagers","Alternative"
"551","Beast Of Burden","The Rolling Stones","Rock"
"552","Tell Her I Love Her","Heidecker & Wood","Rock"
"553","Easy Tonight","Five For Fighting","Alternative"
"554","Everywhere","Fleetwood Mac","Rock"
"555","Burn","The Temper Trap","Alternative"
"556","Driving Through A Dream","Andrew Mcmahon","Alternative"
"557","Adventure Of A Lifetime","Coldplay","Alternative"
"558","Change The Sheets","Kathleen Edwards","Rock"
"559","Broken Strings","James Morrison","Pop"
"560","Boxes","Goo Goo Dolls","Pop Rock"
"561","Ray Of Light","Madonna","Pop"
"562","My Favourite Game","The Cardigans","Pop"
"563","Stillness Of Heart","Lenny Kravitz","Rock"
"564","Lily '14","Sundy Best","Country"
"565","I Need You","Tim Mcgraw","Country"
"566","Brand New Start","Paul Weller","Rock"
"567","What's Up","4 Non Blondes","Rock"
"568","Silver Bells","Dean Martin","Holidays"
"569","Destroyer","David Gray","Pop Rock"
"570","If I Wanted To","Melissa Etheridge","Rock"
"571","Proud Mary","Creedence Clearwater Revival","Rock"
"572","I Wouldn't Want To Be Like You","The Alan Parsons Project","Rock"
"573","Free Fallin'","Tom Petty","Rock"
"574","Once In A Lifetime","Talking Heads","Alternative"
"575","Over The Hills And Far Away","Led Zeppelin","Rock"
"576","It's Still Rock And Roll To Me","Billy Joel","Rock"
"577","(I Can't Get No) Satisfaction","The Rolling Stones","Rock"
"578","Sad Songs (Say So Much)","Elton John","Pop Rock"
"579","Golden Age","Jamestown Revival","Country"
"580","That's How I'll Remember You","David Nail","Country"
"581","Something Different","Angie Keilhauer","Country"
"582","Sunnyville","Jonah Smith","Country"
"583","Tomorrow Never Knows","Bruce Springsteen","Rock"
"584","Party Of One","Brandi Carlile","Country"
"585","Til' Summer Comes Around","Keith Urban","Country"
"586","When We Were On Fire","James Bay","Alternative"
"587","Broken","Lifehouse","Pop Rock"
"588","Your Love","Haerts","Alternative"
"589","Are You Gonna Be My Girl","Jet","Rock"
"590","Orange Blossoms","Jj Grey & Mofro","Rock"
"591","Janie's Got A Gun","Aerosmith","Rock"
"592","Learn To Fly","Foo Fighters","Alternative"
"593","These Sunday Nights","Greg Trooper","Pop Rock"
"594","Twist In My Sobriety","Tanita Tikaram","Pop"
"595","Believe","Elton John","Pop Rock"
"596","Water And A Flame","Daniel Merriweather","Pop"
"597","One Life","James Morrison","Pop"
"598","Walk Over Me","Dirtie Blonde","Rock"
"599","I Don't Wanna Lose Your Love","Santana","Rock"
"600","Changing","Harry Pane","Pop Rock"
"601","Seven Days","Mighty Oaks","Alternative"
"602","Eyes To The Wind","The War On Drugs","Alternative"
"603","You Don't Fool Me","Queen","Rock"
"604","Family","Catey Shaw","Pop"
"605","Mr Rock & Roll","Amy Macdonald","Pop Rock"
"606","Keep Your Head Down","Ken Yates","Pop Rock"
"607","Paper Sails","Stu Larsen","Pop Rock"
"608","Nothing To Say","Chris Isaak","Pop Rock"
"609","Long As I Can See The Light","Creedence Clearwater Revival","Rock"
"610","Nights In White Satin","The Moody Blues","Rock"
"611","No Woman, No Cry (Live)","Bob Marley & The Wailers","Pop Rock"
"612","I Want A New Drug","Huey Lewis And The News","Rock"
"613","American Pie","Don Mclean","Pop Rock"
"614","Bell Bottom Blues","Derek And The Dominos","Rock"
"615","Windows Are Rolled Down","Amos Lee","Pop Rock"
"616","Poor Misguided Fool","Starsailor","Alternative"
"617","Here Comes Santa Claus (Right Down Santa Claus Lane)","Gene Autry","Holidays"
"618","Love Will Keep Us Alive","Paul Carrack","Pop Rock"
"619","The One I Love","David Gray","Pop Rock"
"620","Have A Nice Day","Stereophonics","Alternative"
"621","Dark Necessities","Red Hot Chili Peppers","Alternative"
"622","To The River","Causes","Alternative"
"623","Feels Like Rain","John Hiatt","Country"
"624","You're Still The One","Shania Twain","Country"
"625","Let It Rain","David Nail","Country"
"626","Everytime You Go Away","Hall & Oates","Pop Rock"
"627","Leather And Lace","Stevie Nicks","Rock"
"628","Forever Young","Alphaville","Pop"
"629","Signed, Sealed, Delivered (I'm Yours)","Stevie Wonder","Pop"
"630","No One Gets Out Of Here Alive","Jon Allen","Pop Rock"
"631","I Don't Care","Nelo","Rock"
"632","Every Subway Car","Barenaked Ladies","Rock"
"633","Are You Still Having Fun","Eagle-Eye Cherry","Pop Rock"
"634","Love Profusion","Madonna","Pop"
"635","Baby Did A Bad Bad Thing","Chris Isaak","Pop Rock"
"636","No Use","Modoc","Alternative"
"637","Never Be Together","The Pretenders","Rock"
"638","Tiny Dancer","Elton John","Pop Rock"
"639","Someday Never Comes","Creedence Clearwater Revival","Rock"
"640","Run To You","Bryan Adams","Rock"
"641","Hey Joe","The Jimi Hendrix Experience","Rock"
"642","Gimme Some Water","Eddie Money","Rock"
"643","Whole Lotta Love","Led Zeppelin","Rock"
"644","Can't You See","The Marshall Tucker Band","Rock"
"645","Driving Man","Mel Parsons","Alternative"
"646","We Are Young","Fun","Alternative"
"647","Shadow Of The Day","Linkin Park","Rock"
"648","Farmer's Daughter","Crystal Bowersox","Country"
"649","When They're Gone (Lyle County)","David Nail","Country"
"650","Into The Sun","The Wild Feathers","Rock"
"651","Road Trippin'","Red Hot Chili Peppers","Alternative"
"652","The Rescue Blues","Ryan Adams","Rock"
"653","The Eighth Day","Brian Olive","Rock"
"654","The Things I Regret","Brandi Carlile","Country"
"655","Home","Jamestown Revival","Country"
"656","Endless Summer","The Jezabels","Alternative"
"657","I'm Not Coming Back","Husky","Alternative"
"658","Many Of Horror","Biffy Clyro","Alternative"
"659","Heroes","The Wallflowers","Rock"
"660","Wakin On A Pretty Day","Kurt Vile","Alternative"
"661","Strangers","The Airborne Toxic Event","Alternative"
"662","Saving My Face","Kt Tunstall","Pop Rock"
"663","God Gave Me Everything","Mick Jagger","Rock"
"664","Loving You","Paolo Nutini","Pop Rock"
"665","Is This Life","Miles Nielsen","Pop Rock"
"666","Baby, It's Cold Outside","Dean Martin","Holidays"
"667","Price Tag","Jessie J","Pop"
"668","Sing You To Sleep","Dakota Moon","Pop"
"669","Only You Know And I Know","Dave Mason","Rock"
"670","Maneater","Hall & Oates","Pop Rock"
"671","Taken In","Mike And The Mechanics","Rock"
"672","Love Will Turn You Around","Kenny Rogers","Country"
"673","Hurricane Heart","Marc Broussard","Rock"
"674","You'll Think Of Me","Keith Urban","Country"
"675","Walking On A Dream","Empire Of The Sun","Pop"
"676","Black Horse And The Cherry Tree","Kt Tunstall","Pop Rock"
"677","I Got You (I Feel Good)","James Brown","Pop"
"678","Stay The Same","Gabrielle","Pop"
"679","Give Me One Reason","Tracy Chapman","Pop Rock"
"680","Bright Lights","Matchbox Twenty","Pop Rock"
"681","Wherever Is Your Heart","Brandi Carlile","Country"
"682","Let Her Go","Passenger","Pop Rock"
"683","Diamonds On The Inside","Ben Harper","Rock"
"684","Let You Go","Grace Potter","Rock"
"685","Down By The Water","Amy Macdonald","Pop Rock"
"686","Crazy Little Thing Called Love","Queen","Rock"
"687","Baba O'riley","The Who","Rock"
"688","Trouble No More","The Allman Brothers Band","Rock"
"689","Walk This Way","Aerosmith","Rock"
"690","Walk Like An Egyptian","The Bangles","Pop Rock"
"691","Rock Steady","Bad Company","Rock"
"692","There Must Be An Angel (Playing With My Heart)","Eurythmics","Pop"
"693","Dancing Queen","Abba","Pop"
"694","Papa's Got A Brand New Bag","James Brown","Pop"
"695","Bennie And The Jets","Elton John","Pop Rock"
"696","Billie Jean","Michael Jackson","Pop"
"697","Black","Pearl Jam","Alternative"
"698","The First Cut Is The Deepest","Rod Stewart","Pop Rock"
"699","Heart Of Gold","Neil Young","Rock"
"700","Love Me Better","James Blunt","Pop"
"701","Change","Daniel Merriweather","Pop"
"702","Western State","Alberta Cross","Alternative"
"703","Some Kind Of Nothingness","Manic Street Preachers","Alternative"
"704","Hell Or High Water","Passenger","Pop Rock"
"705","Promises, Promises","Incubus","Alternative"
"706","Big Yellow Taxi","Counting Crows","Pop Rock"
"707","We Didn't Start The Fire","Billy Joel","Rock"
"708","Dance Naked","John Mellencamp","Rock"
"709","We Don't Need Another Hero","Tina Turner","Pop"
"710","Heaven Out Of Hell","Elisa","Pop"
"711","Where The Streets Have No Name","U2","Rock"
"712","Stupid Girl","Garbage","Alternative"
"713","Barely Breathing","Duncan Sheik","Pop Rock"
"714","Angel Flight","Radney Foster","Country"
"715","Clouds","David Nail","Country"
"716","You & I","Joshua Scott Jones","Country"
"717","Everything Falls Into Place","Crystal Bowersox","Country"
"718","Loving Her Was Easier (Than Anything I'll Ever Do  Again)","Billy Ray Cyrus","Country"
"719","Gold Dust","Lenny Kravitz","Rock"
"720","The Thing That Wrecks You","Lady Antebellum","Country"
